,models,false_accept_num,false_reject_num,false_ident_num,false_ident-reject_num,error_sum,dir,far,f1_class
0,$u_{power}$,448,89,10,146,693,0.9738135955536554,0.04767478982654039,0.9633624107850912
1,$u_{noise}$,471,80,15,147,713,0.9741425365957902,0.050138386203959974,0.9623687127249697
