,models,false_accept_num,false_reject_num,false_ident_num,false_ident-reject_num,error_sum,dir,far,f1_class
0,$u_{power}$,437,71,9,122,639,0.9776028384521566,0.04913424780751068,0.9650303726810048
1,$u_{noise}$,453,65,11,126,655,0.9775929007210206,0.050910316925151716,0.9641704501941908
