,models,false_accept_num,false_reject_num,false_ident_num,false_ident-reject_num,error_sum,dir,far,f1_class
0,$u_{power}$,334,38,4,70,446,0.9849523041784227,0.0499178000298909,0.9704792163092403
1,$u_{noise}$,308,36,6,76,426,0.9842582710779082,0.04639951792708647,0.9719404558029245
