,models,true_accept_false_ident,false_reject_false_ident,false_reject_true_ident,false_ident,false_reject,false_accept,error_sum,dir,far,f1_class
0,$Average$,17,118,91,135,209,390,616,0.9752057048820625,0.04292790313703908,0.966510818745243
1,$u_{SCF}$,10,125,75,135,200,430,640,0.9769610532089962,0.04733076499724821,0.9653116531165312
2,$u_{25}$,8,125,74,133,199,437,644,0.9773200394434096,0.04816488482310151,0.9651590564812811
3,$u_{50}$,8,126,73,134,199,442,649,0.9773299748110831,0.04873745727202558,0.9649132291722982
4,$u_{75}$,8,124,73,132,197,437,642,0.9775563827457849,0.04820207368188838,0.9652972972972972
