,models,true_accept_false_ident,false_reject_false_ident,false_reject_true_ident,false_ident,false_reject,false_accept,error_sum,dir,far,f1_class
0,$Average$,15,110,87,125,197,383,595,0.9764208653097542,0.04303370786516854,0.9672230485319231
1,$u_{SCF}$,9,119,71,128,190,424,623,0.9778667556445334,0.04764044943820225,0.9657823913879278
2,$u_{25}$,8,119,74,127,193,426,627,0.9776815456362425,0.04794597636465954,0.9656193452870538
3,$u_{50}$,8,122,72,130,194,431,633,0.9775854416333777,0.04854150242144386,0.9653207691886265
4,$u_{75}$,8,121,71,129,192,421,621,0.9778098302452014,0.0474205902230232,0.965967008275333
